id,first_name,last_name,email,gender,phone
1,Crichton,Tew,ctew0@istockphoto.com,Male,76.7.224.179
2,Sutherland,Soff,ssoff1@hubpages.com,Polygender,205.68.200.149
3,Bernardine,Stoade,bstoade2@google.ca,Female,225.144.101.186
4,Margie,Robens,mrobens3@4shared.com,Female,149.178.68.90
5,Johanna,Fielden,jfielden4@amazon.co.jp,Female,21.139.75.205
6,Demott,Iohananof,diohananof5@bloomberg.com,Male,78.183.17.97
7,Gloriana,Hast,ghast6@studiopress.com,Female,124.13.108.72
8,Stephan,Lock,slock7@w3.org,Non-binary,223.114.23.52
9,Lock,Emby,lemby8@goodreads.com,Male,70.3.64.7
10,Urbanus,Davitti,udavitti9@unblog.fr,Male,117.59.18.129
11,Em,Booth-Jarvis,eboothjarvisa@google.nl,Male,100.254.98.221
12,Cristin,Alldread,calldreadb@aol.com,Female,115.179.252.122
13,Violetta,Troak,vtroakc@last.fm,Female,229.190.144.246
14,Yank,Buessen,ybuessend@cornell.edu,Male,226.186.38.170
15,Melina,Janodet,mjanodete@cmu.edu,Female,169.23.27.80
16,Sarita,Rigmond,srigmondf@nba.com,Female,128.22.213.245
17,Paxton,McAllester,pmcallesterg@usnews.com,Male,237.251.55.148
18,Claretta,Waker,cwakerh@lycos.com,Female,0.194.85.106
19,Mathian,Goldsberry,mgoldsberryi@technorati.com,Male,214.30.101.2
20,Hebert,Eastmond,heastmondj@woothemes.com,Male,175.47.32.158
21,Gavrielle,O'Scanlon,goscanlonk@marriott.com,Female,119.15.85.42
22,Wendel,Rolf,wrolfl@google.es,Male,115.34.150.138
23,Noreen,Fielders,nfieldersm@chron.com,Female,21.105.121.27
24,Dorolice,Fishly,dfishlyn@auda.org.au,Female,7.187.129.137
25,Cy,Rentilll,crentilllo@wisc.edu,Male,128.175.27.39
26,Trefor,Denney,tdenneyp@ameblo.jp,Male,57.211.205.38
27,Gray,Flux,gfluxq@geocities.com,Male,166.20.144.21
28,Tadio,Mogg,tmoggr@github.io,Male,50.151.37.127
29,Maible,Woloschin,mwoloschins@mtv.com,Female,101.79.140.132
30,Leta,Luckett,lluckettt@purevolume.com,Female,39.19.217.230
31,Thia,Pateman,tpatemanu@google.com.hk,Female,222.94.96.66
32,Dorian,Reedman,dreedmanv@bluehost.com,Male,196.121.146.223
33,Roland,Geekie,rgeekiew@usda.gov,Male,229.201.253.4
34,Johnath,Nuzzi,jnuzzix@ustream.tv,Female,206.108.31.221
35,Dean,Grammer,dgrammery@nih.gov,Male,177.223.13.145
36,Lavinia,Tolomio,ltolomioz@nytimes.com,Female,208.100.70.109
37,Kathleen,Gitsham,kgitsham10@walmart.com,Female,118.130.207.22
38,Christophe,Vasyutin,cvasyutin11@360.cn,Male,59.66.95.203
39,Olav,Dickon,odickon12@naver.com,Male,254.28.121.97
40,Nari,Pedron,npedron13@tuttocitta.it,Female,230.67.10.196
41,Suzanna,Bostick,sbostick14@desdev.cn,Female,112.184.196.34
42,Donny,Musgrove,dmusgrove15@deliciousdays.com,Male,181.122.225.74
43,Ursula,Sharpus,usharpus16@chronoengine.com,Female,18.2.30.146
44,Cally,McClaurie,cmcclaurie17@census.gov,Female,149.90.117.56
45,Anthony,Tilliards,atilliards18@cargocollective.com,Genderfluid,56.254.8.200
46,Ema,Darker,edarker19@vistaprint.com,Genderfluid,70.172.120.131
47,Mirna,Truitt,mtruitt1a@istockphoto.com,Non-binary,138.49.194.164
48,Kendra,Swindle,kswindle1b@multiply.com,Female,199.129.208.90
49,Charline,Ceeley,cceeley1c@marriott.com,Female,16.79.39.246
50,Clio,Gaul,cgaul1d@timesonline.co.uk,Female,253.25.140.242
51,Vanya,Van de Velde,vvandevelde1e@howstuffworks.com,Male,251.124.129.142
52,Dorree,Marlin,dmarlin1f@google.com.br,Female,25.41.70.147
53,Gilberto,Aisbett,gaisbett1g@nytimes.com,Male,53.103.153.103
54,Lewie,Durston,ldurston1h@nytimes.com,Male,10.249.58.128
55,Allianora,Galloway,agalloway1i@altervista.org,Female,218.153.176.11
56,Kent,Dupree,kdupree1j@buzzfeed.com,Male,166.240.101.2
57,Sabine,Assad,sassad1k@goodreads.com,Genderqueer,138.133.217.69
58,Halsy,Vivian,hvivian1l@youtu.be,Male,243.147.21.79
59,Hesther,Coopman,hcoopman1m@posterous.com,Female,43.176.1.66
60,Webster,Monan,wmonan1n@de.vu,Male,197.134.204.74
61,Frazer,Kermannes,fkermannes1o@tamu.edu,Male,185.154.212.244
62,Lauri,Duffill,lduffill1p@bravesites.com,Female,125.201.5.93
63,Olympie,Vaines,ovaines1q@shareasale.com,Female,196.51.248.197
64,Elie,Hadenton,ehadenton1r@plala.or.jp,Female,54.206.55.116
65,Shawn,Seel,sseel1s@pagesperso-orange.fr,Polygender,115.121.143.28
66,Eada,Micklem,emicklem1t@yellowpages.com,Female,8.237.249.44
67,Dareen,Tidey,dtidey1u@wikipedia.org,Female,210.11.225.180
68,Boycey,Anthoin,banthoin1v@apache.org,Male,153.144.75.167
69,Goldi,Alyukin,galyukin1w@slate.com,Female,231.139.165.218
70,Renard,Gallichan,rgallichan1x@ucsd.edu,Male,133.226.246.87
71,Art,Smardon,asmardon1y@census.gov,Male,32.53.60.30
72,Gloria,Havile,ghavile1z@myspace.com,Polygender,138.166.196.112
73,Hurlee,McCrohon,hmccrohon20@newsvine.com,Bigender,208.252.125.40
74,Lewie,Rawsthorne,lrawsthorne21@thetimes.co.uk,Male,30.17.159.195
75,Jennica,Greenshields,jgreenshields22@hud.gov,Female,159.5.16.154
76,Nathaniel,Carne,ncarne23@forbes.com,Male,169.16.52.41
77,Shellysheldon,Lawrence,slawrence24@arstechnica.com,Male,147.47.173.149
78,Florance,Regus,fregus25@mozilla.com,Female,40.57.79.140
79,Franky,Komorowski,fkomorowski26@mozilla.com,Polygender,143.207.213.181
80,Yard,Pickton,ypickton27@virginia.edu,Male,226.189.222.125
81,Dillon,Malkin,dmalkin28@privacy.gov.au,Polygender,49.24.110.208
82,Dani,Tonbye,dtonbye29@washingtonpost.com,Male,243.214.33.165
83,Smith,Ingree,singree2a@last.fm,Male,19.59.189.106
84,Donielle,Chidgey,dchidgey2b@miitbeian.gov.cn,Female,3.233.19.190
85,Hildagard,Ballinger,hballinger2c@alexa.com,Female,81.10.150.13
86,Allister,Elsay,aelsay2d@taobao.com,Male,176.157.231.110
87,Aharon,Windaybank,awindaybank2e@timesonline.co.uk,Male,171.184.109.104
88,Joelynn,Rolinson,jrolinson2f@imgur.com,Female,254.54.130.6
89,Evered,Silman,esilman2g@sitemeter.com,Bigender,142.246.67.44
90,Jerrold,Heffy,jheffy2h@usda.gov,Male,214.53.34.211
91,Tiffy,Tims,ttims2i@oakley.com,Female,254.230.46.57
92,Raphaela,Garrattley,rgarrattley2j@deliciousdays.com,Female,157.85.171.204
93,Sheelagh,Welbrock,swelbrock2k@chicagotribune.com,Female,181.17.170.174
94,Bonni,Heinig,bheinig2l@mail.ru,Female,2.34.186.254
95,Collin,Pendle,cpendle2m@baidu.com,Bigender,48.142.174.193
96,Devlin,Dubock,ddubock2n@go.com,Male,68.105.77.109
97,Sonja,Ollet,sollet2o@goo.gl,Female,102.167.185.208
98,Theodor,Winsome,twinsome2p@google.it,Male,185.111.67.235
99,Reamonn,Joanic,rjoanic2q@hp.com,Male,211.186.150.156
100,Lena,Penhaleurack,lpenhaleurack2r@booking.com,Female,121.55.154.153
101,Benedick,Croker,bcroker2s@noaa.gov,Male,212.141.147.193
102,Helena,Woodyear,hwoodyear2t@msu.edu,Female,134.104.2.143
103,Ferne,Burges,fburges2u@rakuten.co.jp,Female,230.154.0.152
104,Hadleigh,Lopez,hlopez2v@stumbleupon.com,Male,214.150.9.170
105,Euell,Wayper,ewayper2w@fda.gov,Male,208.82.180.2
106,Wiley,Stratford,wstratford2x@linkedin.com,Male,35.253.216.150
107,Josiah,Bountiff,jbountiff2y@paypal.com,Male,167.9.103.231
108,Roi,Jedrzejkiewicz,rjedrzejkiewicz2z@mayoclinic.com,Male,191.148.230.200
109,Zedekiah,Kitchinham,zkitchinham30@who.int,Male,76.234.254.197
110,Stefania,Dermot,sdermot31@amazon.co.uk,Female,196.8.103.37
111,Dana,Deguara,ddeguara32@samsung.com,Female,3.82.0.111
112,Peyton,Roylance,proylance33@phoca.cz,Male,175.228.89.174
113,Kyla,Squelch,ksquelch34@unesco.org,Female,52.120.115.205
114,Bette-ann,Rous,brous35@hubpages.com,Female,16.59.237.74
115,Frans,Matuszak,fmatuszak36@foxnews.com,Male,230.133.217.197
116,Tabor,Winton,twinton37@unc.edu,Male,39.126.88.138
117,Waylan,Eccersley,weccersley38@indiatimes.com,Male,196.40.27.173
118,Ingeborg,Flannery,iflannery39@usgs.gov,Female,121.92.142.148
119,Trixi,McGrane,tmcgrane3a@myspace.com,Female,179.143.47.9
120,Gordy,Dwire,gdwire3b@tiny.cc,Male,239.8.112.72
121,Austin,McCard,amccard3c@bloglines.com,Genderqueer,3.94.190.121
122,Zachariah,Betham,zbetham3d@nature.com,Male,172.48.120.183
123,Claudine,Melley,cmelley3e@artisteer.com,Female,43.47.120.236
124,Royall,Matteucci,rmatteucci3f@indiatimes.com,Non-binary,60.119.65.76
125,Gabriell,Hartington,ghartington3g@guardian.co.uk,Genderqueer,133.246.105.32
126,Aldin,Hallmark,ahallmark3h@wix.com,Male,239.201.30.33
127,Teena,Yellop,tyellop3i@ustream.tv,Female,81.112.100.247
128,Caressa,Clymer,cclymer3j@time.com,Female,42.135.132.204
129,Raymund,Hucke,rhucke3k@vkontakte.ru,Male,230.125.142.252
130,Albie,Mackison,amackison3l@forbes.com,Male,49.223.128.115
131,Dena,Leadstone,dleadstone3m@tuttocitta.it,Female,64.229.137.106
132,Donnie,Screach,dscreach3n@usnews.com,Female,50.101.109.202
133,Jada,Battin,jbattin3o@ucla.edu,Female,244.211.22.82
134,Emalee,O'Cuddie,eocuddie3p@prlog.org,Female,217.117.73.197
135,Dottie,Fratson,dfratson3q@amazon.com,Female,155.46.248.241
136,Tess,Vasquez,tvasquez3r@php.net,Female,181.124.175.101
137,Reinhold,Lackemann,rlackemann3s@ezinearticles.com,Male,104.21.72.8
138,Jeromy,Rodd,jrodd3t@a8.net,Genderfluid,53.237.70.132
139,Sharia,Grahlmans,sgrahlmans3u@discovery.com,Female,203.21.79.10
140,Kristo,Vassar,kvassar3v@home.pl,Genderfluid,251.77.168.173
141,Ilka,Tomkinson,itomkinson3w@desdev.cn,Female,43.116.122.20
142,Nickola,Burras,nburras3x@microsoft.com,Male,110.151.98.203
143,Guglielmo,Joris,gjoris3y@google.es,Male,48.67.48.33
144,Rhett,Bidnall,rbidnall3z@latimes.com,Male,207.28.109.251
145,Drusi,Benini,dbenini40@comcast.net,Female,183.179.27.195
146,Mella,O' Lone,molone41@auda.org.au,Female,235.143.38.202
147,Alistair,Manssuer,amanssuer42@shutterfly.com,Male,159.129.86.180
148,Fredek,Feronet,fferonet43@berkeley.edu,Male,22.83.96.61
149,Ade,MacQuist,amacquist44@vkontakte.ru,Male,23.9.37.5
150,Vasilis,Jossum,vjossum45@geocities.jp,Genderfluid,86.251.103.148
151,Marlena,Cabbell,mcabbell46@nba.com,Female,9.144.168.227
152,Heddi,Eglington,heglington47@forbes.com,Female,83.164.202.222
153,Kathye,Jellybrand,kjellybrand48@gizmodo.com,Female,16.22.13.26
154,Job,Yorston,jyorston49@weebly.com,Bigender,199.244.53.142
155,Claudie,Dehm,cdehm4a@apache.org,Female,39.231.60.48
156,Fidela,Forty,fforty4b@mail.ru,Bigender,201.134.6.213
157,Ailbert,Soggee,asoggee4c@thetimes.co.uk,Male,175.135.56.104
158,Tildy,Kennefick,tkennefick4d@noaa.gov,Female,220.110.227.89
159,Hester,Whittek,hwhittek4e@reuters.com,Female,15.208.219.152
160,Roosevelt,Hagan,rhagan4f@hao123.com,Male,8.150.244.95
161,Dalt,Berdale,dberdale4g@pagesperso-orange.fr,Male,197.211.159.233
162,Correy,Rabbet,crabbet4h@parallels.com,Male,2.243.87.115
163,Bond,Duguid,bduguid4i@reverbnation.com,Male,17.187.174.237
164,Eda,Gulc,egulc4j@360.cn,Female,184.189.192.239
165,Paulie,Stooders,pstooders4k@123-reg.co.uk,Male,45.119.161.173
166,Matthew,Cummings,mcummings4l@angelfire.com,Male,58.96.151.72
167,Misti,Gatch,mgatch4m@rediff.com,Female,90.156.54.64
168,Kristofor,Cosslett,kcosslett4n@fda.gov,Male,124.17.98.70
169,Konrad,Deighton,kdeighton4o@amazon.de,Male,210.120.10.144
170,Fidelia,Iapico,fiapico4p@vkontakte.ru,Female,11.27.255.41
171,Carma,Autry,cautry4q@google.com.hk,Female,131.167.196.155
172,Mike,Wattinham,mwattinham4r@qq.com,Male,78.202.82.146
173,Waite,Colafate,wcolafate4s@google.ru,Male,37.26.99.188
174,Shel,Mewhirter,smewhirter4t@bizjournals.com,Female,157.72.141.115
175,Brier,Tarply,btarply4u@imgur.com,Female,120.117.7.7
176,Jules,Belle,jbelle4v@cpanel.net,Male,220.174.47.149
177,Eduard,Belitz,ebelitz4w@telegraph.co.uk,Male,167.36.140.194
178,Amalle,Gainforth,againforth4x@g.co,Female,211.7.230.203
179,Rheta,Roseborough,rroseborough4y@latimes.com,Agender,225.70.197.223
180,Carmon,Nottle,cnottle4z@ucsd.edu,Female,200.246.99.91
181,Fancie,Woodworth,fwoodworth50@friendfeed.com,Female,221.118.185.59
182,Herrick,Stiller,hstiller51@rambler.ru,Male,249.46.78.15
183,Damara,Ivins,divins52@jalbum.net,Female,59.102.3.243
184,Hasheem,Swatridge,hswatridge53@theglobeandmail.com,Male,198.143.57.242
185,Nissy,Andreasen,nandreasen54@reference.com,Female,255.138.246.243
186,Lori,Andreu,landreu55@cloudflare.com,Female,183.145.229.91
187,Vin,Dudmarsh,vdudmarsh56@umich.edu,Female,250.168.161.253
188,Mary,Buckland,mbuckland57@craigslist.org,Female,138.113.198.173
189,Karoly,Saban,ksaban58@mit.edu,Male,87.70.202.239
190,Marchall,Roiz,mroiz59@bloglovin.com,Male,195.168.226.93
191,Viki,Lumsdale,vlumsdale5a@aol.com,Female,196.49.233.164
192,Jacques,Carwithim,jcarwithim5b@mail.ru,Male,89.67.227.15
193,Genevieve,Covolini,gcovolini5c@europa.eu,Bigender,11.208.215.19
194,Liesa,Emblow,lemblow5d@imgur.com,Female,75.133.9.246
195,Reidar,Elsmore,relsmore5e@blog.com,Male,22.49.124.105
196,Nerta,Bricksey,nbricksey5f@marketwatch.com,Genderfluid,216.76.226.135
197,Batsheva,Domingues,bdomingues5g@census.gov,Female,62.30.50.19
198,Twyla,Goggin,tgoggin5h@scribd.com,Female,244.47.226.36
199,Peadar,Flude,pflude5i@weebly.com,Male,103.13.119.103
200,Priscella,Tortoise,ptortoise5j@earthlink.net,Female,248.68.60.11
201,Hodge,Gudgin,hgudgin5k@uiuc.edu,Male,186.167.12.193
202,Nerte,Odlin,nodlin5l@webnode.com,Female,87.250.206.17
203,Blanca,Orae,borae5m@sourceforge.net,Female,212.35.212.112
204,Alleyn,Marrow,amarrow5n@wufoo.com,Male,135.188.0.7
205,Taite,Storres,tstorres5o@vkontakte.ru,Male,65.232.136.50
206,Reece,Richardon,rrichardon5p@jiathis.com,Male,104.193.69.47
207,Audre,Luker,aluker5q@domainmarket.com,Female,231.216.119.122
208,Werner,Pawling,wpawling5r@google.it,Male,222.47.47.133
209,Bartolomeo,Lissimore,blissimore5s@kickstarter.com,Male,73.236.62.80
210,Ambrosio,Cammell,acammell5t@barnesandnoble.com,Male,14.114.207.8
211,Wain,Drillingcourt,wdrillingcourt5u@dmoz.org,Male,194.188.176.252
212,Saba,Haxley,shaxley5v@google.it,Female,148.144.220.243
213,Maryanna,O'Corren,mocorren5w@about.me,Agender,142.250.31.16
214,Fonz,Gretton,fgretton5x@friendfeed.com,Genderqueer,75.145.33.233
215,Staford,Boyall,sboyall5y@desdev.cn,Male,75.46.210.66
216,Opaline,Fleeming,ofleeming5z@usda.gov,Female,146.218.153.35
217,Pen,Filipczynski,pfilipczynski60@fastcompany.com,Male,81.173.65.220
218,Emmeline,Brechin,ebrechin61@instagram.com,Female,116.122.79.238
219,Revkah,Milmoe,rmilmoe62@squidoo.com,Female,103.216.165.126
220,Agna,De Domenicis,adedomenicis63@geocities.com,Female,170.12.194.93
221,Rosamund,Haly,rhaly64@arstechnica.com,Female,24.216.152.140
222,Indira,Gueinn,igueinn65@prweb.com,Female,210.10.174.192
223,Eloise,Ilson,eilson66@microsoft.com,Female,59.215.182.216
224,Margarette,Bickerstasse,mbickerstasse67@yahoo.com,Female,172.77.64.195
225,Maxie,Bardey,mbardey68@multiply.com,Male,186.57.64.250
226,Kennett,Purselowe,kpurselowe69@drupal.org,Male,242.153.42.80
227,Pepita,Buffey,pbuffey6a@bbb.org,Female,236.5.231.36
228,Aldous,Cathery,acathery6b@ca.gov,Male,174.74.237.108
229,Jonathon,Ligertwood,jligertwood6c@cafepress.com,Male,157.236.69.221
230,Claudia,Martill,cmartill6d@nbcnews.com,Female,115.85.174.17
231,Dill,Attree,dattree6e@bbc.co.uk,Male,145.188.79.26
232,Rodrigo,Hamfleet,rhamfleet6f@alexa.com,Male,47.93.143.226
233,Ingeborg,Toe,itoe6g@addthis.com,Female,78.67.131.214
234,Babara,Dreghorn,bdreghorn6h@liveinternet.ru,Female,74.116.236.40
235,Andie,Osgorby,aosgorby6i@java.com,Male,143.144.137.84
236,Gregory,McVie,gmcvie6j@google.com.au,Male,52.180.246.68
237,Doyle,Tilbury,dtilbury6k@mapquest.com,Male,250.180.146.255
238,Nerty,Hilling,nhilling6l@sciencedirect.com,Female,254.148.238.88
239,Toni,MacCague,tmaccague6m@jugem.jp,Female,199.44.101.56
240,Erasmus,Bolesworth,ebolesworth6n@bigcartel.com,Male,221.151.87.69
241,Haskel,Canet,hcanet6o@xing.com,Male,163.172.233.28
242,Annaliese,MacRory,amacrory6p@ebay.com,Female,240.168.38.3
243,Frank,Delamaine,fdelamaine6q@harvard.edu,Female,147.97.181.25
244,Lorenza,Trosdall,ltrosdall6r@wikipedia.org,Female,252.236.77.244
245,Ali,Edwin,aedwin6s@youtu.be,Female,143.68.1.5
246,Carrissa,Carbett,ccarbett6t@diigo.com,Female,10.181.128.231
247,Rhona,Nuzzi,rnuzzi6u@exblog.jp,Female,18.219.109.252
248,Griffie,Crate,gcrate6v@clickbank.net,Male,215.232.61.168
249,Mae,Probbings,mprobbings6w@dailymotion.com,Female,229.79.248.193
250,Doralia,Pinxton,dpinxton6x@bloglovin.com,Female,89.38.43.162
251,Haily,Durbann,hdurbann6y@1688.com,Male,56.22.86.160
252,Jyoti,Thurley,jthurley6z@go.com,Genderqueer,204.84.218.91
253,Holly,Lidgley,hlidgley70@bizjournals.com,Male,108.190.158.200
254,Bryn,Grisard,bgrisard71@wordpress.org,Male,47.242.238.186
255,Hew,Ducket,hducket72@csmonitor.com,Male,158.18.100.186
256,Drucill,Shovlar,dshovlar73@goo.gl,Female,91.131.111.88
257,Randi,Duncklee,rduncklee74@wunderground.com,Male,91.163.49.43
258,Carry,Pedersen,cpedersen75@qq.com,Female,3.81.248.168
259,Mahala,Huleatt,mhuleatt76@mtv.com,Female,85.141.92.247
260,Heather,Scane,hscane77@wired.com,Female,112.38.130.45
261,Oswald,Jeaffreson,ojeaffreson78@sfgate.com,Male,5.15.73.170
262,Hercules,Buffey,hbuffey79@ed.gov,Male,31.98.146.176
263,Brooke,Stoade,bstoade7a@hostgator.com,Female,36.203.31.1
264,Nehemiah,Dagger,ndagger7b@addthis.com,Male,167.43.67.139
265,Casey,McFarlane,cmcfarlane7c@shinystat.com,Male,174.42.93.5
266,Giff,Lundberg,glundberg7d@arstechnica.com,Male,107.99.13.248
267,Althea,Shurman,ashurman7e@msn.com,Female,108.90.231.212
268,Ruddy,Morkham,rmorkham7f@wikimedia.org,Male,115.127.223.191
269,Jillana,Upcraft,jupcraft7g@nature.com,Female,58.189.156.52
270,Talia,Fay,tfay7h@creativecommons.org,Agender,8.49.123.124
271,Haven,Futty,hfutty7i@craigslist.org,Male,98.173.174.187
272,Theo,Duncan,tduncan7j@about.me,Female,221.242.15.196
273,Zacharias,Ofer,zofer7k@woothemes.com,Male,4.184.125.9
274,Krystyna,Clemendot,kclemendot7l@over-blog.com,Female,52.90.50.155
275,Kimbell,Ollerenshaw,kollerenshaw7m@posterous.com,Male,169.144.233.164
276,Rich,Hargreves,rhargreves7n@t-online.de,Male,188.36.218.170
277,Christi,Beebis,cbeebis7o@slideshare.net,Female,2.160.6.32
278,Lanie,O'Fallon,lofallon7p@un.org,Male,179.154.37.155
279,Natala,Fraulo,nfraulo7q@com.com,Female,99.245.93.9
280,Tadeo,Gresty,tgresty7r@tiny.cc,Non-binary,89.25.182.241
281,Christie,Staig,cstaig7s@latimes.com,Male,131.146.149.89
282,Donetta,Revett,drevett7t@theguardian.com,Female,136.183.37.101
283,Jerald,Prandoni,jprandoni7u@tamu.edu,Male,131.152.53.175
284,Raf,Staves,rstaves7v@drupal.org,Female,29.254.144.159
285,Johannes,Bunn,jbunn7w@jugem.jp,Male,186.121.183.254
286,Xymenes,Bullivant,xbullivant7x@mapy.cz,Male,61.155.221.229
287,Anica,Peres,aperes7y@tripadvisor.com,Genderqueer,255.254.194.14
288,Giulia,Lamond,glamond7z@cloudflare.com,Female,53.29.168.253
289,Hatty,Lau,hlau80@usatoday.com,Genderfluid,250.218.57.13
290,Vergil,Pennock,vpennock81@thetimes.co.uk,Male,44.6.44.144
291,Magdalen,Hawson,mhawson82@blogger.com,Female,152.226.3.18
292,Donnamarie,Baugham,dbaugham83@cam.ac.uk,Female,51.118.107.124
293,Melodie,Bartocci,mbartocci84@elpais.com,Female,217.111.205.5
294,Enrichetta,Fowgies,efowgies85@reddit.com,Female,15.169.151.170
295,Francesco,Skeldinge,fskeldinge86@loc.gov,Male,189.63.213.128
296,Helenka,M'Quharge,hmquharge87@abc.net.au,Female,114.211.228.105
297,Gayelord,Praundl,gpraundl88@4shared.com,Male,118.118.198.13
298,Inna,Blamires,iblamires89@github.io,Female,26.79.8.214
299,Ange,Boreland,aboreland8a@baidu.com,Male,63.201.58.17
300,Merilee,Zannetti,mzannetti8b@blogger.com,Female,63.83.138.97
301,Mireille,Hurle,mhurle8c@storify.com,Genderqueer,87.226.238.205
302,Katti,Plewes,kplewes8d@marketwatch.com,Female,233.51.236.141
303,Engelbert,Disbrow,edisbrow8e@purevolume.com,Male,129.39.121.99
304,Gratia,Rosenstengel,grosenstengel8f@pcworld.com,Female,139.224.88.165
305,Phillip,Haet,phaet8g@github.io,Male,184.153.135.151
306,Nani,Cosgriff,ncosgriff8h@freewebs.com,Female,216.76.246.218
307,Cash,Cheeld,ccheeld8i@yolasite.com,Male,162.154.131.32
308,Alley,Crisford,acrisford8j@senate.gov,Male,204.245.1.115
309,Valeda,Hartil,vhartil8k@hostgator.com,Non-binary,137.155.86.16
310,Erny,Pilling,epilling8l@admin.ch,Male,210.15.0.26
311,Sylas,Glassman,sglassman8m@yelp.com,Male,99.223.254.167
312,Genovera,Hyndley,ghyndley8n@springer.com,Female,198.126.196.220
313,Lorianne,Lamburne,llamburne8o@tripadvisor.com,Female,205.98.135.190
314,Tedd,Spinas,tspinas8p@infoseek.co.jp,Male,129.154.166.229
315,Pansie,Lilliman,plilliman8q@fotki.com,Female,164.146.169.0
316,Nicolas,Senett,nsenett8r@aol.com,Male,205.187.115.91
317,Tomasina,Coldbreath,tcoldbreath8s@tmall.com,Female,217.55.200.218
318,Kinny,Goymer,kgoymer8t@fda.gov,Genderqueer,206.35.159.247
319,Hewitt,Laidel,hlaidel8u@dropbox.com,Male,64.111.200.70
320,Lavina,Habbijam,lhabbijam8v@t-online.de,Female,61.247.166.214
321,Zita,Craigmile,zcraigmile8w@china.com.cn,Female,245.208.98.160
322,Oralee,Ginsie,oginsie8x@nbcnews.com,Female,124.234.104.116
323,Bret,Cicconetti,bcicconetti8y@examiner.com,Male,233.151.63.64
324,Iorgo,Aberdein,iaberdein8z@cornell.edu,Male,63.1.110.103
325,Diego,Genthner,dgenthner90@cdbaby.com,Male,143.111.64.21
326,Fawne,Swyn,fswyn91@cornell.edu,Female,137.221.23.166
327,Dolores,Lurcock,dlurcock92@craigslist.org,Genderqueer,158.227.239.196
328,Bob,Hofler,bhofler93@google.com.hk,Male,166.48.163.155
329,Simmonds,Ganniclifft,sganniclifft94@ted.com,Male,214.4.8.195
330,Marjory,Pinney,mpinney95@tumblr.com,Female,227.67.192.102
331,Farrah,Di Biagio,fdibiagio96@earthlink.net,Agender,210.18.240.127
332,Susanetta,Collop,scollop97@salon.com,Female,30.251.151.245
333,Wilt,Chree,wchree98@vimeo.com,Male,243.171.36.106
334,Harold,Lindeman,hlindeman99@engadget.com,Male,124.82.223.216
335,Cullan,Edards,cedards9a@rambler.ru,Male,150.220.187.58
336,Abe,Osmon,aosmon9b@bbc.co.uk,Genderqueer,207.11.211.255
337,Kailey,Spino,kspino9c@loc.gov,Female,166.151.240.160
338,Hayes,Chinge,hchinge9d@uol.com.br,Male,103.201.98.193
339,Alva,Du Fray,adufray9e@nyu.edu,Male,226.153.160.200
340,Lindon,Pehrsson,lpehrsson9f@mysql.com,Male,251.23.115.248
341,Seumas,Silcocks,ssilcocks9g@histats.com,Male,81.139.199.76
342,Norris,Burehill,nburehill9h@1und1.de,Non-binary,131.216.66.40
343,Winni,Smallbone,wsmallbone9i@nytimes.com,Female,171.177.204.2
344,Selina,Manuel,smanuel9j@sitemeter.com,Female,102.147.76.14
345,Sander,Ciccottio,sciccottio9k@sciencedirect.com,Male,63.18.117.157
346,Rick,O'Downe,rodowne9l@vinaora.com,Male,155.125.178.92
347,Aliza,Cianelli,acianelli9m@about.me,Female,157.180.114.138
348,Jilly,Piggford,jpiggford9n@liveinternet.ru,Female,212.246.248.184
349,Annaliese,Alvares,aalvares9o@desdev.cn,Female,25.23.188.125
350,Concordia,O'Sullivan,cosullivan9p@jimdo.com,Female,168.101.49.112
351,Sax,Ruske,sruske9q@redcross.org,Male,100.58.139.165
352,Margarete,Seakes,mseakes9r@wired.com,Genderqueer,13.31.20.21
353,Nicolina,Wakes,nwakes9s@macromedia.com,Female,19.206.85.77
354,Thurstan,Wallicker,twallicker9t@usgs.gov,Male,75.236.112.30
355,Angil,Flello,aflello9u@illinois.edu,Female,181.181.210.116
356,Jimmy,Emmet,jemmet9v@free.fr,Male,208.143.110.249
357,Catherina,Brandel,cbrandel9w@plala.or.jp,Female,111.63.206.164
358,Bernardina,Heak,bheak9x@webnode.com,Female,183.253.153.3
359,Lacie,Duchateau,lduchateau9y@pinterest.com,Female,140.87.78.180
360,Yoshiko,Baddam,ybaddam9z@newyorker.com,Female,29.180.137.75
361,Anni,Devorill,adevorilla0@illinois.edu,Female,205.151.27.52
362,Carlota,Greenmon,cgreenmona1@1688.com,Female,45.83.41.164
363,Kennett,Cristofvao,kcristofvaoa2@edublogs.org,Male,207.69.69.200
364,Ingunna,Bilbee,ibilbeea3@prlog.org,Female,47.128.170.19
365,Dionis,Beesley,dbeesleya4@etsy.com,Female,141.211.34.171
366,Babb,Domleo,bdomleoa5@ebay.com,Female,52.51.180.227
367,Erika,Shanklin,eshanklina6@ustream.tv,Female,203.197.149.232
368,Martainn,Roelofsen,mroelofsena7@blinklist.com,Male,174.154.160.238
369,Sofie,Fairpo,sfairpoa8@cmu.edu,Female,132.69.101.11
370,Vanny,Borrie,vborriea9@diigo.com,Female,61.92.95.162
371,Kirby,Cory,kcoryaa@europa.eu,Female,161.165.42.5
372,Renate,Yankeev,ryankeevab@ycombinator.com,Female,233.150.191.219
373,Zaria,Dutteridge,zdutteridgeac@livejournal.com,Female,91.47.49.81
374,Trevar,Farrimond,tfarrimondad@squarespace.com,Male,204.75.18.65
375,Berkley,Schonfeld,bschonfeldae@patch.com,Male,235.163.14.229
376,Gare,Hitschke,ghitschkeaf@constantcontact.com,Male,85.67.15.51
377,Monro,Drissell,mdrissellag@sphinn.com,Male,146.129.170.92
378,Karry,Campana,kcampanaah@edublogs.org,Female,41.91.66.83
379,Gare,Glynn,gglynnai@naver.com,Male,134.244.77.160
380,Nikki,MacGuigan,nmacguiganaj@wordpress.org,Female,166.23.189.157
381,Luigi,Rides,lridesak@twitter.com,Male,212.251.232.173
382,Kele,Akett,kakettal@behance.net,Male,158.59.145.208
383,Eryn,D'Angeli,edangeliam@nyu.edu,Female,228.51.95.106
384,Isacco,Giovannazzi,igiovannazzian@twitter.com,Male,246.97.14.57
385,Karoline,Mounch,kmounchao@cpanel.net,Female,216.33.122.70
386,Timothee,Ida,tidaap@timesonline.co.uk,Male,224.239.223.46
387,Evelyn,Gounel,egounelaq@phpbb.com,Female,138.114.243.198
388,Florencia,Staley,fstaleyar@jalbum.net,Female,112.176.106.84
389,Darius,Hitter,dhitteras@flickr.com,Male,221.155.62.113
390,Pennie,Rolf,prolfat@pen.io,Male,7.255.123.29
391,Vanni,Tutin,vtutinau@shutterfly.com,Female,207.7.136.237
392,Ivett,Casement,icasementav@google.co.jp,Female,43.67.88.79
393,Gerick,Sawer,gsaweraw@nifty.com,Male,93.224.10.110
394,Joann,Abdey,jabdeyax@tmall.com,Female,99.196.229.238
395,Eugenia,Garshore,egarshoreay@bloomberg.com,Female,141.177.235.35
396,Leyla,Wyles,lwylesaz@pinterest.com,Female,183.79.55.67
397,Alberta,Stansall,astansallb0@1688.com,Female,121.69.231.215
398,Urban,Penticoot,upenticootb1@squidoo.com,Male,38.177.166.25
399,Alonso,Hargrave,ahargraveb2@istockphoto.com,Male,99.103.45.77
400,Des,Glanton,dglantonb3@mayoclinic.com,Male,136.11.37.9
401,Melvin,Worthington,mworthingtonb4@bluehost.com,Male,142.145.233.157
402,Anett,Cristofano,acristofanob5@exblog.jp,Female,102.143.137.251
403,Mohammed,Ernke,mernkeb6@google.co.jp,Male,68.3.38.16
404,Wilona,Mikalski,wmikalskib7@oakley.com,Female,92.86.21.118
405,Jeniffer,Shorte,jshorteb8@photobucket.com,Female,99.70.166.53
406,Pacorro,Bracegirdle,pbracegirdleb9@storify.com,Male,116.15.167.86
407,Noe,Ibbotson,nibbotsonba@issuu.com,Genderqueer,53.42.172.63
408,Cinnamon,Tuhy,ctuhybb@myspace.com,Female,239.102.168.153
409,Sheelagh,Banane,sbananebc@freewebs.com,Female,199.216.139.139
410,Lyn,Newns,lnewnsbd@123-reg.co.uk,Female,83.2.222.153
411,Yoko,Vanacci,yvanaccibe@illinois.edu,Female,104.234.209.26
412,Erhard,Thoma,ethomabf@yandex.ru,Male,237.114.132.174
413,Roselin,Skate,rskatebg@nih.gov,Female,39.147.192.162
414,Richard,Matussevich,rmatussevichbh@apple.com,Male,229.146.225.134
415,Munroe,Whall,mwhallbi@about.me,Male,3.67.163.199
416,Wallis,Sowrey,wsowreybj@ebay.com,Female,75.103.34.64
417,Gert,Poile,gpoilebk@indiegogo.com,Female,198.180.62.84
418,Gretel,LaBastida,glabastidabl@sitemeter.com,Female,127.223.160.234
419,Candis,O' Donohue,codonohuebm@multiply.com,Female,26.89.116.213
420,Luce,Levis,llevisbn@comsenz.com,Male,21.65.224.160
421,Marlo,Gibbon,mgibbonbo@dmoz.org,Female,23.177.252.66
422,Hilary,Sorbey,hsorbeybp@pagesperso-orange.fr,Female,246.210.15.1
423,Sauveur,Atto,sattobq@nsw.gov.au,Male,190.51.33.244
424,Lezlie,Bartolozzi,lbartolozzibr@hostgator.com,Female,234.62.52.232
425,Gladi,Pattington,gpattingtonbs@ibm.com,Female,81.214.26.1
426,Helena,Tomovic,htomovicbt@free.fr,Female,127.144.32.6
427,Hayley,Sobey,hsobeybu@list-manage.com,Female,194.212.214.172
428,Abbi,Trollope,atrollopebv@ox.ac.uk,Female,71.184.123.88
429,Bethina,Shewan,bshewanbw@fotki.com,Non-binary,141.153.34.103
430,Wilek,Fransinelli,wfransinellibx@hatena.ne.jp,Genderqueer,179.197.116.215
431,Dotti,Strotton,dstrottonby@shutterfly.com,Female,147.72.71.219
432,Jolie,Keirle,jkeirlebz@free.fr,Female,108.49.196.168
433,Philomena,Shine,pshinec0@ebay.com,Female,110.70.116.165
434,Moise,Grishagin,mgrishaginc1@infoseek.co.jp,Male,178.24.120.117
435,Dare,Hannam,dhannamc2@barnesandnoble.com,Male,20.163.100.172
436,Ladonna,Selly,lsellyc3@dagondesign.com,Female,83.214.85.145
437,Johnathan,Wavish,jwavishc4@scribd.com,Male,177.245.1.5
438,Flemming,Codrington,fcodringtonc5@accuweather.com,Male,208.71.173.80
439,Perry,Galland,pgallandc6@rambler.ru,Male,251.253.251.96
440,Sanford,Braunroth,sbraunrothc7@hao123.com,Agender,183.158.104.83
441,Raynor,Hambric,rhambricc8@exblog.jp,Male,89.85.54.3
442,Sharai,Grundy,sgrundyc9@blogspot.com,Female,75.99.206.45
443,Juditha,Moggie,jmoggieca@nasa.gov,Female,140.227.104.36
444,Gregoor,Van Dijk,gvandijkcb@dmoz.org,Non-binary,54.232.214.15
445,Dilly,Barensen,dbarensencc@slate.com,Male,178.58.112.2
446,Kali,Gile,kgilecd@google.com.au,Female,140.237.199.173
447,Saul,Sinncock,ssinncockce@mysql.com,Male,112.19.142.43
448,Mort,Doig,mdoigcf@hao123.com,Male,38.40.125.100
449,Brod,Castellani,bcastellanicg@vk.com,Male,123.199.180.212
450,Teddy,Kupis,tkupisch@ted.com,Male,174.235.138.247
451,Quinn,Sexcey,qsexceyci@typepad.com,Male,187.243.44.191
452,Rodge,Dechelette,rdechelettecj@hexun.com,Male,41.98.127.176
453,Cinda,Whooley,cwhooleyck@clickbank.net,Female,22.240.128.109
454,Gabey,Sausman,gsausmancl@skype.com,Female,75.140.68.36
455,Zora,Zannetti,zzannetticm@ezinearticles.com,Female,152.225.6.245
456,Jordan,Mouton,jmoutoncn@java.com,Male,48.131.254.61
457,Marie-ann,Jacquemot,mjacquemotco@tinypic.com,Female,191.250.129.31
458,Enrico,Garrie,egarriecp@about.me,Male,53.16.190.243
459,Hobey,Sparrowe,hsparrowecq@loc.gov,Male,162.6.141.212
460,Lauritz,Van der Velden,lvanderveldencr@redcross.org,Male,198.16.191.141
461,Nobe,Kingsman,nkingsmancs@theatlantic.com,Male,114.154.183.249
462,Corrina,Flye,cflyect@networksolutions.com,Female,173.107.143.249
463,Nikolas,Millsap,nmillsapcu@sun.com,Non-binary,157.86.212.14
464,Renell,Cubbini,rcubbinicv@wikispaces.com,Non-binary,121.98.211.212
465,Bald,Leynagh,bleynaghcw@earthlink.net,Male,21.109.27.44
466,Lora,Cushion,lcushioncx@com.com,Genderqueer,112.171.129.182
467,Maurits,Tickel,mtickelcy@gov.uk,Male,34.239.237.133
468,Denni,Jeavons,djeavonscz@technorati.com,Female,24.66.74.255
469,Charlie,Anfusso,canfussod0@flavors.me,Male,58.221.57.59
470,Ainsley,Headley,aheadleyd1@prnewswire.com,Female,135.168.85.239
471,Sheree,Witherington,switheringtond2@cornell.edu,Female,42.215.145.14
472,Justino,Valentino,jvalentinod3@mashable.com,Male,197.108.107.87
473,Rustie,Caddick,rcaddickd4@flavors.me,Male,105.9.83.92
474,Archibaldo,O'Rudden,aoruddend5@cdc.gov,Male,30.174.74.228
475,Lenka,Rubinshtein,lrubinshteind6@cnbc.com,Female,130.212.80.22
476,Thomasine,Paule,tpauled7@spotify.com,Female,28.147.123.211
477,Salim,Swarbrigg,sswarbriggd8@gnu.org,Non-binary,73.177.66.129
478,Lawry,Elwel,lelweld9@techcrunch.com,Male,227.80.23.100
479,Kimberlee,Drewson,kdrewsonda@nifty.com,Female,55.127.123.109
480,Freemon,Llorens,fllorensdb@netscape.com,Male,139.199.69.152
481,Shantee,Corking,scorkingdc@feedburner.com,Female,221.248.3.108
482,Osmond,Lindfors,olindforsdd@cocolog-nifty.com,Male,35.206.142.253
483,Earvin,Martyn,emartynde@tinypic.com,Male,122.113.53.183
484,Viv,Paoli,vpaolidf@goo.gl,Female,111.185.78.154
485,Sheff,Poulglais,spoulglaisdg@nifty.com,Male,109.92.109.209
486,Sonja,Orgill,sorgilldh@amazonaws.com,Female,209.140.146.26
487,Benn,Wonfar,bwonfardi@adobe.com,Male,77.227.95.233
488,Ysabel,Folder,yfolderdj@trellian.com,Non-binary,4.75.248.255
489,Vina,Isac,visacdk@reference.com,Female,158.177.150.249
490,Diannne,Grabban,dgrabbandl@eventbrite.com,Female,197.83.85.108
491,Dunstan,Iiannone,diiannonedm@symantec.com,Male,84.218.39.108
492,Nils,Flescher,nflescherdn@engadget.com,Male,164.89.144.111
493,Jacenta,Fenelow,jfenelowdo@google.co.uk,Genderqueer,148.179.236.14
494,Goldy,Castellan,gcastellandp@go.com,Female,193.247.236.31
495,Janifer,Grelik,jgrelikdq@delicious.com,Female,192.79.46.175
496,Collen,Emblin,cemblindr@youku.com,Female,111.107.151.179
497,Mattie,Bendelow,mbendelowds@cnbc.com,Female,184.66.46.181
498,Elora,Swett,eswettdt@msu.edu,Genderfluid,0.21.208.46
499,Ingrid,Castano,icastanodu@sun.com,Female,171.198.162.142
500,Boony,McCreagh,bmccreaghdv@cdc.gov,Male,76.74.69.28
501,Fay,Orsman,forsmandw@yandex.ru,Female,68.74.202.236
502,Madeline,Keppel,mkeppeldx@godaddy.com,Female,164.120.115.109
503,Bondon,Legh,bleghdy@dailymotion.com,Male,0.171.226.60
504,Niko,Stigger,nstiggerdz@privacy.gov.au,Male,151.9.239.88
505,Dacey,Erbe,derbee0@netvibes.com,Female,23.131.23.46
506,Rogerio,Grinston,rgrinstone1@bing.com,Non-binary,87.102.77.90
507,Brett,Guion,bguione2@state.gov,Male,190.43.118.127
508,Murray,Beckerleg,mbeckerlege3@weibo.com,Male,201.165.218.169
509,Jacob,Aslen,jaslene4@blogtalkradio.com,Male,118.93.2.25
510,Nettle,Monery,nmonerye5@hc360.com,Female,30.62.83.22
511,Melitta,Millican,mmillicane6@com.com,Female,198.47.2.41
512,Brooke,Gatman,bgatmane7@google.co.uk,Female,249.65.11.26
513,Adore,Gonzales,agonzalese8@google.ru,Polygender,20.137.5.227
514,Nehemiah,Scudders,nscudderse9@bluehost.com,Male,105.6.66.11
515,Nicolette,Hurrell,nhurrellea@jugem.jp,Non-binary,172.135.71.133
516,Richart,Comford,rcomfordeb@trellian.com,Male,1.64.157.222
517,Antone,Richens,arichensec@feedburner.com,Male,147.62.5.109
518,Celesta,Wealthall,cwealthalled@taobao.com,Female,195.139.72.98
519,Robinetta,Poupard,rpoupardee@over-blog.com,Female,70.143.5.80
520,Renato,Peal,rpealef@nih.gov,Male,201.150.209.180
521,Wheeler,Branthwaite,wbranthwaiteeg@scientificamerican.com,Male,39.17.145.127
522,Carter,Eltone,celtoneeh@nih.gov,Male,161.116.67.25
523,Pattie,MacAskill,pmacaskillei@deviantart.com,Male,104.181.223.123
524,Adriano,Bortoluzzi,abortoluzziej@about.com,Male,233.56.222.175
525,Byran,Lilford,blilfordek@vinaora.com,Male,159.23.183.234
526,Marchelle,Vigurs,mvigursel@nydailynews.com,Female,249.246.212.185
527,Emelda,Ekless,eeklessem@arstechnica.com,Female,4.219.207.180
528,Lexie,Burnside,lburnsideen@ucoz.ru,Female,88.81.3.160
529,Pat,Cariss,pcarisseo@mozilla.org,Female,11.70.88.139
530,Kelsey,Shippam,kshippamep@princeton.edu,Female,118.63.83.138
531,Trey,Lodge,tlodgeeq@1688.com,Male,28.99.50.170
532,Claude,Kopta,ckoptaer@cpanel.net,Female,170.199.113.254
533,Addi,Bratchell,abratchelles@apple.com,Female,193.127.9.197
534,Bern,Kettlewell,bkettlewellet@sourceforge.net,Male,112.33.248.148
535,Peyton,Laxston,plaxstoneu@list-manage.com,Male,7.21.222.246
536,Yank,Rentoul,yrentoulev@purevolume.com,Male,229.83.146.76
537,Lilyan,Grimsdith,lgrimsdithew@wisc.edu,Polygender,252.53.104.238
538,Tristam,Sowrah,tsowrahex@yahoo.com,Male,8.37.132.237
539,Darcie,Burrass,dburrassey@vk.com,Female,29.67.21.25
540,Jaimie,Galgey,jgalgeyez@uol.com.br,Female,231.247.187.202
541,Dede,MacGebenay,dmacgebenayf0@msn.com,Polygender,157.8.192.105
542,Madge,Rutley,mrutleyf1@naver.com,Female,247.20.242.152
543,Aileen,Pettingall,apettingallf2@nhs.uk,Female,85.202.250.108
544,Rhiamon,Windebank,rwindebankf3@freewebs.com,Female,205.110.137.228
545,Barbi,Quare,bquaref4@java.com,Genderqueer,13.200.28.36
546,Urbain,D'Elias,udeliasf5@independent.co.uk,Male,18.38.67.113
547,Yard,Matuszyk,ymatuszykf6@ftc.gov,Male,67.218.37.232
548,Hillie,Girardey,hgirardeyf7@loc.gov,Non-binary,120.214.174.127
549,Fredric,Ganny,fgannyf8@tmall.com,Male,162.25.36.142
550,Ransell,Lamplough,rlamploughf9@icio.us,Male,155.29.101.134
551,Aldus,Blouet,ablouetfa@unicef.org,Male,224.217.13.229
552,Ada,Moorwood,amoorwoodfb@amazon.co.uk,Female,188.241.37.163
553,Luciana,Garmston,lgarmstonfc@vistaprint.com,Agender,22.76.4.230
554,Elmo,Cunnane,ecunnanefd@newsvine.com,Male,220.164.207.118
555,Norbie,Dodsley,ndodsleyfe@admin.ch,Male,227.211.128.232
556,Adrien,Stock,astockff@unesco.org,Male,253.149.198.250
557,Missy,Halesworth,mhalesworthfg@woothemes.com,Female,34.13.219.222
558,Carolee,Milberry,cmilberryfh@wikimedia.org,Female,125.12.242.120
559,Giorgi,Mattes,gmattesfi@instagram.com,Male,201.141.165.141
560,Deeanne,Andreassen,dandreassenfj@huffingtonpost.com,Female,43.241.112.70
561,Filmore,Kenningham,fkenninghamfk@adobe.com,Male,8.234.66.59
562,Sharon,Woodhouse,swoodhousefl@discuz.net,Female,238.253.11.195
563,Floria,Dodding,fdoddingfm@ed.gov,Female,177.226.122.58
564,Kira,Pindar,kpindarfn@woothemes.com,Female,73.167.138.196
565,Nita,Fronsek,nfronsekfo@51.la,Female,18.4.103.22
566,Sophi,Sturr,ssturrfp@artisteer.com,Female,53.112.217.0
567,Letisha,McCathay,lmccathayfq@csmonitor.com,Female,126.199.246.133
568,Gail,Bilston,gbilstonfr@cdbaby.com,Genderqueer,30.65.218.83
569,Lorrie,Raven,lravenfs@phpbb.com,Female,81.57.209.131
570,Megan,Geroldo,mgeroldoft@lycos.com,Female,101.224.82.109
571,Cherin,Braddock,cbraddockfu@prlog.org,Female,133.170.218.24
572,Matt,Gabala,mgabalafv@friendfeed.com,Male,171.148.184.213
573,Saloma,McClenaghan,smcclenaghanfw@instagram.com,Female,26.52.50.55
574,Olivia,Rylstone,orylstonefx@jimdo.com,Female,97.154.23.47
575,Gottfried,Lacy,glacyfy@miitbeian.gov.cn,Male,15.196.79.15
576,Joleen,Antonutti,jantonuttifz@wikipedia.org,Female,239.75.54.85
577,Gerri,Larimer,glarimerg0@vistaprint.com,Male,118.161.60.84
578,Kilian,Ouldred,kouldredg1@mashable.com,Male,92.216.145.226
579,Harrietta,Partleton,hpartletong2@liveinternet.ru,Female,132.210.194.74
580,Brandais,Hassin,bhassing3@nhs.uk,Female,11.70.3.75
581,Freeman,Monckton,fmoncktong4@bluehost.com,Male,154.89.171.243
582,Tonie,Brentnall,tbrentnallg5@squarespace.com,Female,21.90.189.25
583,Aldwin,Somerfield,asomerfieldg6@dmoz.org,Male,207.187.181.188
584,Violet,Keyden,vkeydeng7@earthlink.net,Female,166.127.45.178
585,Cacilie,Phelips,cphelipsg8@cam.ac.uk,Genderqueer,254.240.115.189
586,Elliot,Rawlinson,erawlinsong9@com.com,Male,80.136.136.65
587,Garnet,Broxap,gbroxapga@unesco.org,Female,187.190.137.154
588,Blair,Cawood,bcawoodgb@tinyurl.com,Bigender,114.217.218.154
589,Fin,Jonah,fjonahgc@weather.com,Male,163.0.236.78
590,Kimbell,Keeltagh,kkeeltaghgd@surveymonkey.com,Male,158.216.83.221
591,Lockwood,Rubi,lrubige@patch.com,Male,75.238.203.172
592,Ronnie,Bartholat,rbartholatgf@howstuffworks.com,Female,97.101.109.90
593,Danna,Dumphries,ddumphriesgg@facebook.com,Female,118.93.86.145
594,Des,McIvor,dmcivorgh@walmart.com,Male,108.161.183.23
595,Eula,Flicker,eflickergi@canalblog.com,Female,196.230.43.195
596,Valli,Van Leeuwen,vvanleeuwengj@stanford.edu,Female,89.94.103.137
597,Trudy,Harriagn,tharriagngk@joomla.org,Female,255.177.111.31
598,Thomasa,Cheal,tchealgl@wikimedia.org,Female,21.81.130.233
599,Marabel,Theze,mthezegm@reuters.com,Female,205.93.68.180
600,Brinn,Mossbee,bmossbeegn@acquirethisname.com,Female,60.62.99.81
601,Thane,Martyntsev,tmartyntsevgo@cargocollective.com,Male,35.192.7.223
602,Giulietta,Monketon,gmonketongp@utexas.edu,Female,185.171.42.193
603,Way,Kohneke,wkohnekegq@slashdot.org,Male,114.46.60.121
604,Agneta,Ducket,aducketgr@latimes.com,Female,197.164.103.170
605,Trevar,Cortnay,tcortnaygs@amazon.com,Male,31.172.120.91
606,Wilek,Matis,wmatisgt@list-manage.com,Male,44.198.99.8
607,Cordell,Leser,clesergu@elpais.com,Male,239.11.176.145
608,Hirsch,McDarmid,hmcdarmidgv@geocities.jp,Male,128.85.44.85
609,Lin,Swansbury,lswansburygw@yellowpages.com,Male,104.191.211.169
610,Ring,Rablen,rrablengx@godaddy.com,Male,40.155.174.250
611,Brannon,Aleksich,baleksichgy@merriam-webster.com,Male,65.63.131.134
612,Ysabel,Beazleigh,ybeazleighgz@buzzfeed.com,Female,190.223.78.53
613,Hussein,Bhatia,hbhatiah0@4shared.com,Bigender,121.181.143.161
614,Waiter,Deller,wdellerh1@cisco.com,Male,170.196.48.95
615,Corrine,Coche,ccocheh2@photobucket.com,Female,234.18.202.78
616,Renie,Eamer,reamerh3@ca.gov,Female,173.14.89.100
617,Marlena,Hearse,mhearseh4@dedecms.com,Female,95.87.105.61
618,Abbie,Bonwell,abonwellh5@paypal.com,Female,250.114.4.220
619,Deva,Hadden,dhaddenh6@sourceforge.net,Female,136.247.106.69
620,Thornie,Dagworthy,tdagworthyh7@odnoklassniki.ru,Male,186.2.149.15
621,Candie,Abercromby,cabercrombyh8@webs.com,Female,121.249.16.17
622,Valentino,Brettel,vbrettelh9@google.com.hk,Male,222.231.74.15
623,Gar,Mattocks,gmattocksha@fema.gov,Male,192.158.60.54
624,Jillana,Manson,jmansonhb@dailymail.co.uk,Female,206.203.10.88
625,Steffen,Blare,sblarehc@friendfeed.com,Male,67.165.64.24
626,Ramsay,Easseby,reassebyhd@paypal.com,Male,29.78.220.199
627,Emanuele,Bugdale,ebugdalehe@sina.com.cn,Male,52.200.193.248
628,Mahmoud,Hurrell,mhurrellhf@adobe.com,Male,163.176.159.64
629,Imojean,O'Lennachain,iolennachainhg@xing.com,Female,117.149.220.21
630,Taylor,Kirton,tkirtonhh@blogger.com,Male,195.164.206.54
631,Lucy,Pittway,lpittwayhi@webs.com,Female,207.243.67.176
632,Malissia,Godon,mgodonhj@guardian.co.uk,Female,8.100.122.222
633,Bab,Whipple,bwhipplehk@omniture.com,Female,39.238.132.15
634,Cad,Miettinen,cmiettinenhl@wiley.com,Male,181.217.39.85
635,Rockie,Licence,rlicencehm@mediafire.com,Male,247.77.253.222
636,Riannon,Falkingham,rfalkinghamhn@smugmug.com,Female,193.106.0.130
637,Nannie,Hubball,nhubballho@macromedia.com,Female,72.205.83.0
638,Wilhelmina,Stucksbury,wstucksburyhp@cafepress.com,Non-binary,188.170.45.169
639,Waylen,Bell,wbellhq@yolasite.com,Male,88.37.141.90
640,Cornelius,Shepherdson,cshepherdsonhr@google.nl,Male,139.12.161.223
641,Sophie,Cornock,scornockhs@angelfire.com,Female,135.26.164.124
642,Stephenie,Fidell,sfidellht@cloudflare.com,Female,203.53.209.88
643,Holly,Rodd,hroddhu@hibu.com,Female,79.85.243.216
644,Herc,Boggish,hboggishhv@creativecommons.org,Male,229.158.174.138
645,Betti,Tissington,btissingtonhw@drupal.org,Female,111.164.41.102
646,Florida,Barrat,fbarrathx@wsj.com,Female,240.170.59.60
647,Corri,Gaunter,cgaunterhy@sina.com.cn,Female,103.74.175.105
648,Antonino,Matfin,amatfinhz@google.nl,Male,199.10.116.45
649,Seana,Cotty,scottyi0@dailymotion.com,Female,86.193.44.179
650,Winne,Smoote,wsmootei1@mayoclinic.com,Female,123.198.207.108
651,Kimball,Joyner,kjoyneri2@aboutads.info,Male,110.194.231.106
652,Hildegaard,Crowche,hcrowchei3@yellowpages.com,Female,68.248.39.208
653,Ike,Kulver,ikulveri4@google.es,Male,170.159.104.47
654,Kate,Jillett,kjilletti5@redcross.org,Female,230.171.172.197
655,Kendell,Cleverley,kcleverleyi6@ovh.net,Male,198.115.107.186
656,Tuck,Willimott,twillimotti7@timesonline.co.uk,Non-binary,15.88.244.195
657,Salome,Eastcott,seastcotti8@va.gov,Non-binary,178.153.48.35
658,Glendon,Fevers,gfeversi9@admin.ch,Male,58.19.228.231
659,Dora,Kirkhouse,dkirkhouseia@weebly.com,Female,171.113.142.82
660,Gaven,Madoc-Jones,gmadocjonesib@java.com,Male,76.47.85.15
661,Flem,Bess,fbessic@deliciousdays.com,Male,27.78.6.218
662,Guthrie,Finkle,gfinkleid@europa.eu,Male,176.148.99.2
663,Dita,Spyer,dspyerie@blogs.com,Female,254.225.70.23
664,Sanders,Tomaszynski,stomaszynskiif@trellian.com,Male,154.244.185.179
665,Rockey,Gambell,rgambellig@imdb.com,Male,10.238.75.162
666,Guthry,Faires,gfairesih@abc.net.au,Bigender,99.181.189.68
667,Kristina,Gadson,kgadsonii@youtube.com,Female,62.48.201.116
668,Jen,Sweeten,jsweetenij@globo.com,Female,31.194.161.249
669,Jenni,Halbard,jhalbardik@yahoo.co.jp,Female,180.153.252.17
670,York,Swaddle,yswaddleil@stumbleupon.com,Male,6.143.127.124
671,Denver,Turbern,dturbernim@xinhuanet.com,Male,81.113.77.172
672,Norine,Tune,ntunein@pbs.org,Female,246.151.18.69
673,Cornell,Thwaites,cthwaitesio@squarespace.com,Male,12.83.181.130
674,Murielle,Bordes,mbordesip@aboutads.info,Female,87.194.229.50
675,Philbert,Selkirk,pselkirkiq@ted.com,Male,90.137.103.165
676,Nessy,Outright,noutrightir@uiuc.edu,Female,161.141.249.245
677,Martin,Meo,mmeois@issuu.com,Male,169.181.75.76
678,Farrel,Ebhardt,febhardtit@vimeo.com,Male,120.167.26.186
679,Israel,Grocock,igrocockiu@vimeo.com,Male,197.187.137.44
680,Arabela,Lougheid,alougheidiv@tuttocitta.it,Female,73.158.41.233
681,Kingsly,Nield,knieldiw@google.com.hk,Male,243.12.19.106
682,Bethena,Vautrey,bvautreyix@dmoz.org,Female,95.220.30.144
683,Suzi,Overill,soverilliy@epa.gov,Female,58.2.73.107
684,Rosemaria,Lutsch,rlutschiz@ifeng.com,Female,207.167.41.186
685,Emanuel,Tytler,etytlerj0@sphinn.com,Male,22.128.141.61
686,Barby,Ogilvie,bogilviej1@ucoz.ru,Female,141.114.31.154
687,Mariana,Pickerin,mpickerinj2@tiny.cc,Female,63.62.130.43
688,Marla,Petriello,mpetrielloj3@trellian.com,Polygender,89.44.216.234
689,Adolphus,Hanselmann,ahanselmannj4@cdbaby.com,Male,129.95.94.130
690,Pippy,Borg,pborgj5@eventbrite.com,Female,252.3.222.123
691,Mattie,Farman,mfarmanj6@mapy.cz,Male,188.70.60.157
692,Ulrike,Gerardeaux,ugerardeauxj7@topsy.com,Female,31.79.65.174
693,Teirtza,Valencia,tvalenciaj8@technorati.com,Female,198.242.211.216
694,Madelon,Kirimaa,mkirimaaj9@eepurl.com,Female,183.161.59.94
695,Oby,Castilla,ocastillaja@elpais.com,Male,30.253.95.177
696,Mordecai,Stribbling,mstribblingjb@icq.com,Male,179.61.148.162
697,Noelani,Daviot,ndaviotjc@apache.org,Female,13.113.207.174
698,Ashlin,Rome,aromejd@cargocollective.com,Male,3.68.7.158
699,Ninetta,Fardo,nfardoje@behance.net,Female,106.146.104.255
700,Elwin,Jancik,ejancikjf@fema.gov,Male,100.94.101.80
701,Shawn,Renyard,srenyardjg@stanford.edu,Genderqueer,248.225.48.176
702,Allys,Richen,arichenjh@nifty.com,Female,83.144.200.251
703,Samuel,Limpertz,slimpertzji@guardian.co.uk,Male,173.184.31.174
704,Guthrie,Chiene,gchienejj@feedburner.com,Male,124.26.151.50
705,Stella,Cordero,scorderojk@statcounter.com,Female,67.228.61.63
706,Cacilie,Pasfield,cpasfieldjl@usda.gov,Female,150.58.184.166
707,Chelsy,Fawdrie,cfawdriejm@creativecommons.org,Female,125.26.193.19
708,Romy,Toffanini,rtoffaninijn@marriott.com,Female,18.107.15.161
709,Dewie,Elphey,delpheyjo@weebly.com,Male,190.86.54.78
710,Jervis,Balcock,jbalcockjp@wikia.com,Male,141.116.253.28
711,Lurleen,Whybray,lwhybrayjq@amazon.de,Female,11.165.12.235
712,Issi,Windas,iwindasjr@buzzfeed.com,Female,96.136.235.36
713,Rachel,Smallbone,rsmallbonejs@webmd.com,Female,190.253.183.105
714,Gordan,Mahaddie,gmahaddiejt@is.gd,Male,162.82.142.111
715,Hamid,Dionisio,hdionisioju@nps.gov,Male,166.206.195.175
716,Killie,Boutcher,kboutcherjv@uiuc.edu,Male,11.116.86.207
717,Krystyna,Mewha,kmewhajw@meetup.com,Female,105.167.114.236
718,Charity,Donlon,cdonlonjx@purevolume.com,Female,158.149.51.187
719,Elane,Larkings,elarkingsjy@go.com,Female,152.217.56.85
720,Chariot,Swepson,cswepsonjz@berkeley.edu,Male,184.59.130.126
721,Gerri,Lowson,glowsonk0@51.la,Female,137.65.225.217
722,Maggie,Elders,meldersk1@apache.org,Female,44.75.19.41
723,Dal,Morley,dmorleyk2@ovh.net,Agender,248.4.104.108
724,Tracy,Harriss,tharrissk3@hp.com,Male,36.132.201.98
725,Clemente,Giovanardi,cgiovanardik4@sitemeter.com,Male,219.141.35.185
726,Nonie,Jikylls,njikyllsk5@macromedia.com,Female,226.245.110.83
727,Edmon,Cano,ecanok6@businessinsider.com,Male,105.254.180.233
728,Torin,Girodier,tgirodierk7@toplist.cz,Male,235.35.113.203
729,Shae,Ficken,sfickenk8@so-net.ne.jp,Male,53.133.67.206
730,Darcee,Patriche,dpatrichek9@ed.gov,Female,48.191.246.26
731,Arda,Carnell,acarnellka@tiny.cc,Female,135.38.28.216
732,Brew,Imlock,bimlockkb@marriott.com,Male,115.5.170.108
733,Elihu,Feldmark,efeldmarkkc@comsenz.com,Male,212.191.199.248
734,Jilly,Todarini,jtodarinikd@blog.com,Female,208.2.196.165
735,Jonie,Maddigan,jmaddiganke@craigslist.org,Female,222.209.160.204
736,Marijo,Inder,minderkf@nsw.gov.au,Female,33.30.99.232
737,Haven,Rosnau,hrosnaukg@list-manage.com,Male,29.4.154.203
738,Valery,Reijmers,vreijmerskh@studiopress.com,Female,18.172.96.16
739,Stanislaus,Lukock,slukockki@redcross.org,Male,42.26.242.39
740,Franky,Hukin,fhukinkj@washingtonpost.com,Male,102.29.52.163
741,Ofilia,Goodinge,ogoodingekk@google.cn,Female,212.31.229.133
742,Silvana,Spinige,sspinigekl@craigslist.org,Genderqueer,134.51.116.197
743,Gabrila,Westbury,gwestburykm@surveymonkey.com,Bigender,84.102.80.187
744,Delcine,Murt,dmurtkn@ehow.com,Female,99.28.219.97
745,Cornie,Shemelt,cshemeltko@rambler.ru,Male,76.179.180.213
746,Thorin,McCuis,tmccuiskp@illinois.edu,Male,217.72.233.248
747,Correy,Thornewill,cthornewillkq@bing.com,Bigender,102.128.158.82
748,Perry,Harrill,pharrillkr@flavors.me,Male,162.159.180.104
749,Roddy,Breissan,rbreissanks@nature.com,Male,20.10.162.241
750,Iolande,Brewett,ibrewettkt@google.com,Female,55.233.150.55
751,Creigh,Jarrold,cjarroldku@chronoengine.com,Male,67.225.235.108
752,Abbye,Haughian,ahaughiankv@friendfeed.com,Female,138.42.181.10
753,Nydia,Turgoose,nturgoosekw@forbes.com,Female,159.229.108.73
754,Fara,Firidolfi,ffiridolfikx@surveymonkey.com,Female,28.29.42.128
755,Helge,Lovekin,hlovekinky@etsy.com,Female,95.157.55.126
756,Barry,Tustin,btustinkz@g.co,Polygender,35.107.54.213
757,Rachele,Shann,rshannl0@t.co,Female,181.169.253.7
758,Rudolfo,Daventry,rdaventryl1@gnu.org,Male,164.64.238.160
759,Georgette,Hitzke,ghitzkel2@hugedomains.com,Bigender,180.119.141.97
760,Way,Parsonage,wparsonagel3@webs.com,Male,58.140.105.83
761,Anna-diana,Rothermel,arothermell4@google.nl,Female,137.51.19.19
762,Fabe,Atmore,fatmorel5@kickstarter.com,Male,207.76.67.79
763,Patsy,Hagerty,phagertyl6@infoseek.co.jp,Male,80.1.63.127
764,Sorcha,Nerheny,snerhenyl7@livejournal.com,Female,17.131.108.161
765,Lindon,Haversum,lhaversuml8@netscape.com,Male,91.206.133.70
766,Farlee,Cahani,fcahanil9@wikia.com,Genderqueer,180.25.70.248
767,Dalia,Rowcliffe,drowcliffela@theguardian.com,Female,83.243.24.68
768,Robyn,Sare,rsarelb@etsy.com,Female,159.35.192.111
769,Ruperta,Cake,rcakelc@ucsd.edu,Female,52.121.59.156
770,Dix,Stannas,dstannasld@discovery.com,Female,57.57.193.183
771,Gillan,Woodyeare,gwoodyearele@yahoo.co.jp,Female,116.126.161.13
772,Aveline,Kobes,akobeslf@sphinn.com,Female,22.104.26.21
773,Kora,Spaducci,kspaduccilg@mtv.com,Female,205.75.161.34
774,Richmound,Stonhouse,rstonhouselh@skyrock.com,Male,96.209.38.122
775,Bessie,Honatsch,bhonatschli@icq.com,Bigender,102.148.34.183
776,Gay,Stoller,gstollerlj@homestead.com,Female,185.107.132.88
777,Linoel,Dillingham,ldillinghamlk@t.co,Male,116.42.25.27
778,Barnard,Thurman,bthurmanll@trellian.com,Male,120.198.233.112
779,Jaymie,McGorley,jmcgorleylm@jimdo.com,Male,91.72.214.191
780,Ruperta,Van Castele,rvancasteleln@cafepress.com,Female,102.45.33.198
781,Giacomo,Garstan,ggarstanlo@mapy.cz,Male,60.179.144.135
782,Rosemarie,Dunmore,rdunmorelp@wordpress.com,Female,67.218.51.20
783,Jo,Charrette,jcharrettelq@furl.net,Male,98.223.47.85
784,Erma,Kiss,ekisslr@howstuffworks.com,Female,234.6.241.156
785,Dag,Caldera,dcalderals@mozilla.org,Male,207.201.159.101
786,Ced,Lawranson,clawransonlt@businesswire.com,Genderqueer,21.250.107.38
787,Thomas,Whittock,twhittocklu@mapquest.com,Male,192.48.194.161
788,Darbie,Weaben,dweabenlv@devhub.com,Female,58.135.163.211
789,Ruprecht,Barthrup,rbarthruplw@weibo.com,Male,164.222.243.163
790,Errol,Winnister,ewinnisterlx@i2i.jp,Male,236.17.160.100
791,Henri,Hoopper,hhoopperly@usatoday.com,Male,72.234.10.36
792,Nichol,McLanaghan,nmclanaghanlz@toplist.cz,Female,131.46.80.170
793,Lissie,Fader,lfaderm0@marriott.com,Female,194.242.112.121
794,Reese,Haliday,rhalidaym1@xing.com,Male,29.146.49.172
795,Maddie,Lipson,mlipsonm2@i2i.jp,Male,211.43.111.191
796,Rodge,McQuillen,rmcquillenm3@creativecommons.org,Male,249.21.141.90
797,Morie,Flintoffe,mflintoffem4@google.pl,Male,205.217.0.153
798,Ranice,Gilliard,rgilliardm5@ibm.com,Female,47.1.233.65
799,Bertine,Hansbury,bhansburym6@acquirethisname.com,Female,251.42.203.199
800,Bryant,Brickham,bbrickhamm7@dedecms.com,Genderqueer,11.117.248.209
801,Travus,Schimek,tschimekm8@cpanel.net,Male,246.204.103.229
802,Curtis,Strowthers,cstrowthersm9@webnode.com,Male,147.174.168.98
803,Brockie,Yackiminie,byackiminiema@yelp.com,Male,182.63.18.204
804,Udall,Davidovsky,udavidovskymb@fema.gov,Male,204.235.226.183
805,Murdoch,Jerrold,mjerroldmc@wisc.edu,Male,246.201.9.203
806,Tomasine,Coale,tcoalemd@amazon.co.jp,Female,253.52.249.36
807,Juana,Duley,jduleyme@go.com,Female,166.58.130.22
808,Sampson,Scotfurth,sscotfurthmf@cnn.com,Male,8.114.180.12
809,Lucila,Silvers,lsilversmg@google.fr,Female,91.129.171.186
810,Merrilee,Wainer,mwainermh@sciencedaily.com,Female,55.97.42.78
811,Heinrik,Matterface,hmatterfacemi@webs.com,Male,170.204.179.75
812,Lindsey,Whall,lwhallmj@army.mil,Female,76.236.180.195
813,Hubey,Celez,hcelezmk@harvard.edu,Male,168.91.209.149
814,Sam,Davidzon,sdavidzonml@eventbrite.com,Female,167.245.25.86
815,Aurelia,Hugle,ahuglemm@plala.or.jp,Female,115.39.154.53
816,Carolee,Jago,cjagomn@1688.com,Female,181.31.142.7
817,Bartram,Lovelace,blovelacemo@youtu.be,Male,141.216.2.101
818,Madison,Dunnett,mdunnettmp@si.edu,Male,250.142.113.238
819,Matty,Kenewel,mkenewelmq@over-blog.com,Female,136.55.193.57
820,Kipp,Fortesquieu,kfortesquieumr@umn.edu,Male,182.223.180.232
821,Allyce,Tukely,atukelyms@wikipedia.org,Female,119.140.111.136
822,Jeremie,Sherman,jshermanmt@wiley.com,Male,10.245.231.249
823,Maridel,Poxon,mpoxonmu@illinois.edu,Female,246.172.253.249
824,Nydia,Dunsleve,ndunslevemv@harvard.edu,Female,83.197.128.151
825,Gerda,Finden,gfindenmw@sfgate.com,Agender,96.178.82.155
826,Teddi,Sorrie,tsorriemx@wordpress.org,Female,220.2.16.33
827,Garv,Anthonsen,ganthonsenmy@tiny.cc,Male,75.150.94.211
828,Toby,Bockings,tbockingsmz@berkeley.edu,Polygender,106.103.206.102
829,Moll,Tait,mtaitn0@elpais.com,Female,131.176.191.104
830,Paola,Shorland,pshorlandn1@biglobe.ne.jp,Female,84.165.224.226
831,Mill,Molnar,mmolnarn2@vkontakte.ru,Genderfluid,60.124.21.24
832,Dolly,Gunther,dgunthern3@bandcamp.com,Female,66.69.102.161
833,Jehanna,Rizzelli,jrizzellin4@gravatar.com,Female,92.163.106.255
834,Hilly,Andrusov,handrusovn5@wufoo.com,Male,113.44.254.172
835,Kathye,Llorente,kllorenten6@google.com.hk,Female,131.43.101.239
836,Roman,Lowey,rloweyn7@opera.com,Male,233.255.162.239
837,Gaylor,Bainbrigge,gbainbriggen8@engadget.com,Male,137.180.179.105
838,Marty,Skoughman,mskoughmann9@typepad.com,Agender,43.167.153.77
839,Ripley,Shurey,rshureyna@bloglovin.com,Bigender,160.39.175.7
840,Currie,Beggi,cbegginb@cdc.gov,Male,20.135.113.189
841,Welbie,Saipy,wsaipync@myspace.com,Male,93.40.205.201
842,Charita,Curtis,ccurtisnd@deviantart.com,Female,113.192.204.106
843,Roze,Smalecombe,rsmalecombene@google.it,Female,182.142.88.199
844,Carlene,O'Hartnedy,cohartnedynf@walmart.com,Female,217.62.98.227
845,Ginger,Newvill,gnewvillng@tripadvisor.com,Male,172.96.117.107
846,Rodolphe,Dobbin,rdobbinnh@sina.com.cn,Male,27.60.83.100
847,Hugh,Cathery,hcatheryni@hostgator.com,Male,42.92.209.126
848,Parsifal,Kingdon,pkingdonnj@examiner.com,Male,245.147.46.69
849,Garvy,Schulze,gschulzenk@51.la,Male,210.72.44.2
850,Sawyere,Beggi,sbegginl@blogtalkradio.com,Male,246.31.17.157
851,Arvin,Lowres,alowresnm@parallels.com,Male,174.176.137.127
852,Ambrosi,Stetlye,astetlyenn@cnn.com,Male,252.255.4.156
853,Laurie,Blinman,lblinmanno@yellowpages.com,Female,238.37.212.223
854,Karee,De Maria,kdemarianp@bizjournals.com,Female,146.157.147.11
855,Kym,Ellwand,kellwandnq@printfriendly.com,Female,209.46.97.119
856,Barnabas,Mougin,bmouginnr@netlog.com,Male,7.51.169.0
857,Evyn,Paxeford,epaxefordns@sciencedirect.com,Male,115.180.200.58
858,Drucill,Claiton,dclaitonnt@twitter.com,Female,97.163.211.183
859,Lyndel,Bispo,lbisponu@oracle.com,Female,157.127.202.134
860,Jillane,Iacovolo,jiacovolonv@tmall.com,Female,238.12.44.56
861,Randall,Schall,rschallnw@feedburner.com,Male,223.177.24.242
862,Giavani,Dyet,gdyetnx@cornell.edu,Male,49.126.102.45
863,Ancell,Paley,apaleyny@arizona.edu,Male,31.108.121.79
864,Bryan,Alfonzo,balfonzonz@wiley.com,Male,248.169.217.70
865,Zed,Goldson,zgoldsono0@webeden.co.uk,Non-binary,13.105.230.212
866,Felicity,Kelleher,fkellehero1@ebay.com,Female,151.15.49.184
867,Bernete,Siveter,bsivetero2@toplist.cz,Female,191.64.110.28
868,Thalia,Tremoille,ttremoilleo3@ucsd.edu,Female,54.9.46.36
869,Nananne,Monahan,nmonahano4@friendfeed.com,Female,240.159.129.88
870,Neil,Turney,nturneyo5@hao123.com,Male,84.172.188.200
871,Creight,Searchfield,csearchfieldo6@google.es,Male,94.85.8.157
872,Jeniffer,Brameld,jbrameldo7@goodreads.com,Genderfluid,107.43.59.122
873,Matthew,Cooling,mcoolingo8@flickr.com,Male,153.87.91.175
874,Alyosha,Hutcheson,ahutchesono9@digg.com,Male,83.169.156.12
875,Rex,Hairsine,rhairsineoa@geocities.com,Male,125.205.215.63
876,Justis,Golden of Ireland,jgoldenofirelandob@eepurl.com,Non-binary,86.207.213.82
877,Willard,Acland,waclandoc@yellowbook.com,Male,199.164.78.27
878,Josie,Blyden,jblydenod@barnesandnoble.com,Female,163.205.173.32
879,Alikee,Castana,acastanaoe@devhub.com,Female,60.158.184.242
880,Bengt,Worley,bworleyof@t-online.de,Male,170.172.213.239
881,Jean,Weight,jweightog@gizmodo.com,Male,179.88.131.94
882,Luther,Solland,lsollandoh@shutterfly.com,Male,113.168.224.189
883,Clarance,Suttaby,csuttabyoi@macromedia.com,Male,41.46.229.158
884,Jermain,Martinovic,jmartinovicoj@seesaa.net,Male,65.151.112.183
885,Prentice,Pedro,ppedrook@themeforest.net,Male,189.149.250.247
886,Kahaleel,Simm,ksimmol@storify.com,Male,253.217.168.116
887,Delmor,Sieur,dsieurom@macromedia.com,Male,70.77.30.16
888,Dermot,Shields,dshieldson@unc.edu,Male,30.238.65.157
889,Fionna,Stripling,fstriplingoo@indiatimes.com,Female,181.9.142.17
890,Waylon,O'Rudden,woruddenop@phoca.cz,Agender,135.237.181.73
891,Aridatha,Jeandet,ajeandetoq@ow.ly,Female,81.43.80.75
892,Lorenzo,Simpkins,lsimpkinsor@admin.ch,Male,82.183.161.65
893,Adda,Hembling,ahemblingos@oaic.gov.au,Non-binary,109.94.71.248
894,Gradeigh,Petre,gpetreot@domainmarket.com,Male,219.61.115.179
895,Harwell,Kantor,hkantorou@cnet.com,Male,9.219.63.234
896,Inglis,Wyldish,iwyldishov@home.pl,Male,235.25.144.92
897,Ariela,Speaks,aspeaksow@va.gov,Female,184.17.237.240
898,Ferdy,Dulinty,fdulintyox@feedburner.com,Male,91.70.231.185
899,Scot,Froud,sfroudoy@boston.com,Male,241.58.135.8
900,Arlee,Parradine,aparradineoz@nsw.gov.au,Female,230.55.223.247
901,Rasla,Corzon,rcorzonp0@histats.com,Female,53.240.246.126
902,Jordon,Dace,jdacep1@myspace.com,Male,180.144.7.251
903,Bordie,Bloom,bbloomp2@feedburner.com,Male,32.32.75.12
904,Clemmie,Youthed,cyouthedp3@baidu.com,Female,156.215.149.75
905,Melisande,Staig,mstaigp4@washingtonpost.com,Female,243.184.208.129
906,Brittan,Wank,bwankp5@multiply.com,Female,10.193.5.111
907,Jacqueline,Doble,jdoblep6@amazon.com,Female,115.146.195.206
908,Uriel,Brockie,ubrockiep7@usgs.gov,Male,28.72.58.19
909,Paige,Elger,pelgerp8@dell.com,Male,113.229.211.174
910,Myriam,Randleson,mrandlesonp9@telegraph.co.uk,Female,243.226.211.134
911,Jenda,Agett,jagettpa@xinhuanet.com,Female,208.213.23.65
912,Natassia,McGrudder,nmcgrudderpb@smh.com.au,Female,138.29.101.8
913,Culver,Pittoli,cpittolipc@prnewswire.com,Male,249.162.254.184
914,Ranice,Vasichev,rvasichevpd@java.com,Female,193.95.153.176
915,Phillipp,Clarkson,pclarksonpe@taobao.com,Male,239.149.194.216
916,Marquita,Lamberth,mlamberthpf@yandex.ru,Female,206.58.253.15
917,Fawne,Gherardelli,fgherardellipg@tuttocitta.it,Female,212.51.138.243
918,Guillaume,Lober,globerph@ifeng.com,Male,28.57.255.206
919,Urban,Twell,utwellpi@bing.com,Male,227.201.182.207
920,Algernon,Frossell,afrossellpj@biglobe.ne.jp,Male,229.216.15.55
921,Jerrold,Wolvey,jwolveypk@wikispaces.com,Male,137.105.213.38
922,Siward,Binion,sbinionpl@nhs.uk,Non-binary,242.43.143.226
923,Sholom,Urey,sureypm@wired.com,Male,175.190.82.46
924,Sebastian,Knapman,sknapmanpn@topsy.com,Male,219.244.46.31
925,Dyana,Arnecke,darneckepo@edublogs.org,Female,116.203.32.126
926,Riobard,Southerton,rsouthertonpp@vimeo.com,Male,222.254.211.162
927,Neala,Beaconsall,nbeaconsallpq@zimbio.com,Female,187.212.54.166
928,Efrem,Rosenberg,erosenbergpr@bbb.org,Male,83.168.17.102
929,Tucker,Kid,tkidps@newyorker.com,Male,233.140.245.199
930,Carlye,Gunner,cgunnerpt@purevolume.com,Female,4.84.143.192
931,Christean,Caillou,ccailloupu@ebay.co.uk,Non-binary,244.39.22.69
932,Vasili,Gryglewski,vgryglewskipv@chronoengine.com,Male,208.143.141.205
933,Leonard,Kliner,lklinerpw@godaddy.com,Male,197.169.27.193
934,Jocelyn,Juster,jjusterpx@spotify.com,Female,55.184.5.220
935,Nickolai,Scobie,nscobiepy@ucoz.ru,Male,162.194.187.149
936,Duff,Willoughway,dwilloughwaypz@netlog.com,Male,112.14.238.170
937,Blancha,Macilhench,bmacilhenchq0@wix.com,Female,68.42.230.52
938,Vonnie,Costock,vcostockq1@bravesites.com,Female,177.27.78.227
939,Brockie,Quincey,bquinceyq2@netvibes.com,Male,32.23.84.137
940,Berky,Mingus,bmingusq3@unblog.fr,Male,211.241.234.1
941,Grantham,Cummings,gcummingsq4@sitemeter.com,Male,222.248.49.215
942,Mellisent,MacNally,mmacnallyq5@discuz.net,Female,171.61.179.140
943,Reilly,Pursglove,rpursgloveq6@wikia.com,Male,162.167.62.71
944,Paddie,Bricknall,pbricknallq7@xrea.com,Male,31.61.65.126
945,Any,Rodger,arodgerq8@a8.net,Male,220.81.0.222
946,Garnet,Snoddy,gsnoddyq9@google.cn,Female,213.14.181.23
947,Rodolfo,Brockman,rbrockmanqa@ucoz.com,Male,87.159.25.66
948,Garvy,Gosforth,ggosforthqb@altervista.org,Male,12.155.119.135
949,Jacquette,Edginton,jedgintonqc@mysql.com,Female,73.2.66.90
950,Margo,Bartholomew,mbartholomewqd@ameblo.jp,Polygender,233.44.165.138
951,Jedidiah,Dmitrienko,jdmitrienkoqe@howstuffworks.com,Male,18.229.72.191
952,Nicolai,Romain,nromainqf@amazon.co.jp,Male,161.67.226.185
953,Miguela,Burnapp,mburnappqg@boston.com,Female,66.167.40.151
954,Ewart,Ginley,eginleyqh@github.io,Male,135.38.139.214
955,Emelita,Divis,edivisqi@hc360.com,Polygender,183.195.224.131
956,Teddi,McQuillen,tmcquillenqj@taobao.com,Female,208.11.21.129
957,Taffy,Terbrug,tterbrugqk@vinaora.com,Female,145.251.143.45
958,Wakefield,Hodgen,whodgenql@google.de,Male,129.244.89.227
959,Ginger,Isham,gishamqm@studiopress.com,Female,170.173.27.244
960,Luca,Pastor,lpastorqn@blogtalkradio.com,Male,6.199.166.87
961,Lindy,Merle,lmerleqo@wiley.com,Male,182.8.187.223
962,Kahlil,Featherstonhaugh,kfeatherstonhaughqp@comsenz.com,Male,215.243.2.221
963,Raphael,Rudge,rrudgeqq@alexa.com,Male,117.76.239.179
964,Orion,McGoldrick,omcgoldrickqr@moonfruit.com,Bigender,119.201.191.178
965,Alvis,Mynett,amynettqs@constantcontact.com,Male,164.222.95.82
966,Sylvan,Andriessen,sandriessenqt@timesonline.co.uk,Male,109.247.27.79
967,Doralynne,Patridge,dpatridgequ@youku.com,Female,184.0.172.16
968,Camilla,Gaythor,cgaythorqv@theguardian.com,Genderqueer,150.145.12.155
969,Andrew,McElree,amcelreeqw@cargocollective.com,Male,44.223.174.115
970,Jay,Radbourne,jradbourneqx@acquirethisname.com,Male,144.90.193.6
971,Vivienne,Mathe,vmatheqy@exblog.jp,Female,101.24.28.129
972,Nigel,Cosins,ncosinsqz@wiley.com,Male,168.248.44.213
973,Torr,Felten,tfeltenr0@jugem.jp,Male,201.109.83.56
974,Ignace,Haggeth,ihaggethr1@apache.org,Male,125.222.142.28
975,Cristin,Duffyn,cduffynr2@yelp.com,Female,107.164.253.94
976,Jesse,Du Hamel,jduhamelr3@fotki.com,Female,227.65.106.150
977,Joe,Ganning,jganningr4@ucoz.com,Male,37.87.198.70
978,Alanna,Fairham,afairhamr5@ftc.gov,Female,69.118.51.211
979,Sonni,Braddick,sbraddickr6@tinypic.com,Female,106.66.170.168
980,Reinaldos,Domico,rdomicor7@marketwatch.com,Male,207.227.160.208
981,Leona,Abelwhite,labelwhiter8@jalbum.net,Female,98.197.125.220
982,Augustine,Haughian,ahaughianr9@woothemes.com,Female,116.98.94.132
983,Tris,Coxwell,tcoxwellra@boston.com,Male,1.119.209.136
984,Frances,McMenemy,fmcmenemyrb@prweb.com,Female,33.187.161.194
985,Feliza,Lofting,floftingrc@jugem.jp,Female,3.213.181.204
986,Heinrik,Waterman,hwatermanrd@army.mil,Male,86.86.186.21
987,Anica,Riddett,ariddettre@google.co.uk,Female,84.56.57.238
988,Graeme,Yapp,gyapprf@exblog.jp,Male,154.36.10.156
989,Giacopo,Joubert,gjoubertrg@tiny.cc,Male,3.246.103.253
990,Gill,Dumper,gdumperrh@edublogs.org,Female,118.0.145.110
991,Jessalyn,Lusgdin,jlusgdinri@omniture.com,Non-binary,74.234.140.102
992,Spike,Scrace,sscracerj@ameblo.jp,Male,135.34.163.76
993,Flynn,Brankley,fbrankleyrk@cyberchimps.com,Genderqueer,55.35.230.126
994,Gaspar,Twinning,gtwinningrl@miibeian.gov.cn,Male,13.227.178.63
995,Berti,Bevans,bbevansrm@creativecommons.org,Male,210.184.11.135
996,Shirley,Gillie,sgilliern@patch.com,Female,142.177.123.218
997,Anett,Stutte,astuttero@wikispaces.com,Female,99.152.193.64
998,Wandis,Ballaam,wballaamrp@bigcartel.com,Polygender,84.63.124.115
999,Clyde,Gietz,cgietzrq@51.la,Male,64.45.37.223
1000,Alena,Dickings,adickingsrr@topsy.com,Female,83.219.109.242
